https://www.setaswall.com/wp-content/uploads/2017/03/Manarola-Night-4K-Wallpaper-3840x2160.jpg;wallpaper01
https://www.setaswall.com/wp-content/uploads/2017/03/Abstract-Colors-4K-Wallpaper-3840x2160.jpg;wallpaper02
https://www.setaswall.com/wp-content/uploads/2017/03/Abstract-Light-4K-Wallpaper-3840x2160.jpg;wallpaper03
https://www.setaswall.com/wp-content/uploads/2017/03/Air-Show-4K-Wallpaper-3840x2160.jpg;wallpaper04
https://fsb.zobj.net/crop.php?r=XZY37boCGCH0UW_t6d9uTDQ3dgl6km3F4d3-MOB7T0TtIB5faee61mjBlMAdP1w7knILu6d9a7fEazFL5nFXj024b9b2ESL5HYiLyh1qIUc7oVXfmuHETWlcy2WOs2YHcTaQf1rt2cKYlwdM;wallpaper05
https://fsb.zobj.net/crop.php?r=40QYNEUOb2rnts5NufdCb3mNvRRDnFOWeXAZwtLpkXFGrlW6raLc9lUdaglc77ibqfa6_w58wPrJxqjBQLOIdUbTa20WOdDg1QDyaxSNqBKDofv6vyyz91Y7_2SwSAl69tTacKMk-vQhg33g;wallpaper06
https://fsa.zobj.net/crop.php?r=xw6FWN1Yu3Unb9N2DsayojgmHZorHdnkB2XlCUTFxG6cBclLOiYPOZBdYBwrCll5SNjx92L6jnVDzvOBBYQAmwUe1E33PZNTjSuvoOxzUViJEzTkCXcklvVYeznDcVw9djymlzpKavqHaECi;wallpaper07
https://fsa.zobj.net/crop.php?r=9JLd5_F_aE1ZhwvcIgLq1ouIyIgpcjjiczlApClsYFaCe7LgD-5uDGJ5Hb5BED6WjFoRM9S52vQSfwaeEY7dlfzF7V1Lv3q31ADAq8viPfxN99dUAIzE3egUiP9-mFG6Ar4cdw-N0s4eHnJ1;wallpaper08
https://unsplash.com/photos/k0f4JaBPyFM/download?force=true;wallpaper09
https://images8.alphacoders.com/712/712496.jpg;wallpaper10
https://wallpapershome.com/images/wallpapers/wave-3840x2160-5k-4k-wallpaper-8k-ocean-palms-sun-5490.jpg;walllpaper11
https://i.imgur.com/KAiTghC.jpg;wallpaper12
https://flipwallpapers.com/wallpapers/4k-wallpaper-hd-resolution-For-desktop-Wallpaper.jpg;wallpaper13
https://encrypted-tbn0.gstatic.com/images?q=tbn:ANd9GcSSnfFKNiBCFZwSk1WHaqDrm-J-y5JKW8Lz0lVCVRanruaUjneQFA;wallpaper14
https://images.pexels.com/photos/1236701/pexels-photo-1236701.jpeg?auto=compress&cs=tinysrgb&dpr=2&h=750&w=1260;wallpaper15
